Type,Variant SKU
Peli Insert,SFI-P1720G1350B
Ridgid Insert,SFI-RIGPG3DT230B
Flex Insert,SFI-FSPDO230B
Milwaukee Insert,SFI-MPDTB230B
Accessory,SFE002
OX Insert,SFI-QBPROD2TB230B
QBRICK Insert,SFI-OXTTTC230B
OX Insert,SFI-OXTTO230B
QBRICK Insert,SFI-OXTTC230B
Magnusson Insert,SFI-MCLOR230B
Magnusson Insert,SFI-MCHO230B
Trend Insert,SFI-TT100230B
Trend Insert,SFI-TT200230B
Ryobi Insert,SFI-RTBL4DC230B
Ryobi Insert,SFI-RTBL1DC230B
Ryobi Insert,SFI-RTBL1DC230B
Magnusson Insert,SFI-MC1DTC230B
Magnusson Insert,SFI-MC1DTC230B
Milwaukee Insert,SFI-MPXLTB230B
Milwaukee Insert,SFI-MPRTC270B
HASTA Insert,SFI-HPHC230B
HASTA Insert,SFI-HLWRHC250B
HASTA Insert,SFI-HXLWRHC250B
Makita Insert,SFI-MMTLTB230B
Makita Insert,SFI-MMTXLEXTB230B
Makita Insert,SFI-MMTDMO230B
Makita Insert,SFI-MMTDCO230B
Makita Insert,SFI-MMTLPMO230B
Custom Size,SFC30B
Merch,SF002_F_RG045_BLACKRED_XS
DeWalt Insert,SFI-DTSYSD330B
Custom Size,SFC70E
Custom Size,SFC50E
Custom Size,SFC30E
JCB Insert,SFI-JCBSSV2TC230B
JCB Insert,SFI-JCBSSV2TB230B
JCB Insert,SFI-JCBSSV2230B
OX Insert,SFI-QBPD3TB330B
OX Insert,SFI-QBPROD2TB230B
OX Insert,SFI-QBSPT230B
QBRICK Insert,SFI-QBSPC2D2230B
Trend Insert,SFI-QBONEORG230B
QBRICK Insert,SFI-SPT2230B
Trend Insert,SFI-QBPD3TB330B
Trend Insert,SFI-SPT2230B
Trend Insert,SFI-QBPC230B
QBRICK Insert,SFI-QBSP600230B
QBRICK Insert,SFI-SPT2230B
QBRICK Insert,SFI-QBSPT230B
QBRICK Insert,SFI-QBPC230B
QBRICK Insert,SFI-QBPROD1TB230B
QBRICK Insert,SFI-QBPROD2TB230B
QBRICK Insert,SFI-QBTBV350230B
QBRICK Insert,SFI-QBPD3TB330B
QBRICK Insert,SFI-QBONEORG230B
QBRICK Insert,SFI-QBONE350230B
QBRICK Insert,SFI-QBONE200230B
QBRICK Insert,SFI-QB2D230B
QBRICK Insert,SFI-QBTC2230B
Nuprol Insert,SFI-PAR8428150B
Nuprol Insert,SFI-PAR5032150B
Nuprol Insert,SFI-PAR5584150B
Nuprol Insert,SFI-PAR3463130B
Nuprol Insert,SFI-PAR2975130B
GT Line Insert,SFI-GTL-PVROCKB
Hikoki Insert,SFI-HIKCMB230B
Hikoki Insert,SFI-HIKCSB230B
Peli Insert,SFI-P1605730B
Makita Insert,SFI-MMTMTB230B
Makita Insert,SFI-MMTRTC270B
Peli Insert,SFI-P1620130B
Peli Insert,SFI-P1595130B
Peli Insert,SFI-P1557130B
Peli Insert,SFI-P1555130B
Peli Insert,SFI-P1525130B
Peli Insert,SFI-P1507130B
Peli Insert,SFI-P1556130B
Peli Insert,SFI-P1485130B
Peli Insert,SFI-PiM2600530B
Peli Insert,SFI-P1640150B
Peli Insert,SFI-P1600630B
Peli Insert,SFI-P1550630B
Peli Insert,SFI-P1520530B
Peli Insert,SFI-P1605730B
Peli Insert,SFI-PIM2500430B
Peli Insert,SFI-P1610830B
Peli Insert,SFI-P1506330B
Peli Insert,SFI-P03701730B
Peli Insert,SFI-P03501330B
Peli Insert,SFI-P0340750B
Sortimo Insert,SFI-BLST230B
Sortimo Insert,SFI-BLSBX230B
Sortimo Insert,SFI-BLBXOG230B
Ridgid Insert,SFI-RIGPG3DT230B
Würth Insert,SFI-WTHSC441230B
Würth Insert,SFI-WTHSC843230B
Wisent Insert,SFI-WSTBBX330B
Wisent Insert,SFI-WSTBBX230B
Husky Insert,SFI-HSKBOTC230B
Worx Insert,SFI-KTRSNR2DT230B
Worx Insert,SFI-KTRSNRTB230B
Worx Insert,SFI-KTRSNRS330B
Worx Insert,SFI-KTRSNRTC230B
Worx Insert,SFI-KTRSNRMC230B
Worx Insert,SFI-KTRSNRHO230B
Worx Insert,SFI-KTRSNRFO230B
Panasonic Insert,SFI-FSYS1230B
Hart Insert,SFI-KTRSNRS330B
Keter Insert,SFI-KTRSNRS330B
Hart Insert,SFI-KTRSNR2DT230B
Hart Insert,SFI-KTRSNRTB230B
Hart Insert,SFI-KTRSNRTC230B
Hart Insert,SFI-KTRSNRMC230B
Hart Insert,SFI-KTRSNRHO230B
Hart Insert,SFI-KTRSNRFO230B
Keter Insert,SFI-KTRSNRHO230B
Keter Insert,SFI-KTRSNR2DT230B
Keter Insert,SFI-KTRSNRTC230B
Keter Insert,SFI-KTRSNRTB230B
Keter Insert,SFI-KTRSNRFO230B
Keter Insert,SFI-KTRSNRMC230B
Tanos Insert,SFI-FSYSC1230B
Tanos Insert,SFI-FSYS3XXL30B
Tanos Insert,SFI-FSYS3L230B
Tanos Insert,SFI-FSOR1330B
Tanos Insert,SFI-FSYSM230B
Tanos Insert,SFI-FSYS1230B
DeWalt Insert,SFI-DTSYS2FO230B
DeWalt Insert,SFI-DTS2DHT230B
DeWalt Insert,SFI-DTS280230B
Klein Insert,SFI-KMBSDT330B
Magnusson Insert,SFI-HSKT330B
Magnusson Insert,SFI-HSKTB230B
Magnusson Insert,SFI-HSKD230B
Magnusson Insert,SFI-HSKCLO230B
Magnusson Insert,SFI-HSKCO330B
Husky Insert,SFI-HSKTB230B
Husky Insert,SFI-HSKD230B
Husky Insert,SFI-HSKCLO230B
Husky Insert,SFI-HSKT330B
Husky Insert,SFI-HSKCO330B
Stanley Insert,SFI-DORG230B
Stanley Insert,SFI-DTSD230B
Stanley Insert,SFI-DTSB230B
AEG Insert,SFI-MTO230B
AEG Insert,SFI-MTCB230B
AEG Insert,SFI-CLO230B
AEG Insert,SFI-MTC230B
AEG Insert,SFI-MTBS330B
JCB Insert,SFI-BWBX230B
JCB Insert,SFI-BLBXOG230B
DeWalt Insert,SFI-DTSYSD230B
JCB Insert,SFI-MTO230B
JCB Insert,SFI-MTCB230B
Merch,SFM-MM
JCB Insert,SFI-MTC230B
Merch,SF-WTLOC
Merch,SF-WTLOB
JCB Insert,SFI-MTBS330B
Industrial by Hornbach Insert,SFI-MTO230B
Industrial by Hornbach Insert,SFI-MTCB230B
Industrial by Hornbach Insert,SFI-CLO230B
Industrial by Hornbach Insert,SFI-MTC230B
Industrial by Hornbach Insert,SFI-MTBS330B
DeWalt Insert,SFI-DTSDXL1230B
Merch,SFM-CTS-XS
Ridgid Insert,SFI-MTO230B
Ridgid Insert,SFI-MTCB230B
Ridgid Insert,SFI-CLO230B
Ridgid Insert,SFI-MTC230B
Ridgid Insert,SFI-MTBS330B
Erbauer Insert,SFI-MTBS330B
Erbauer Insert,SFI-MTO230B
Erbauer Insert,SFI-MTCB230B
Erbauer Insert,SFI-CLO230B
Erbauer Insert,SFI-MTC230B
V-TUF Insert,SFI-RCM230B
Engelbert Strauss Insert,SFI-MM145L230B
Engelbert Strauss Insert,SFI-MMBX230B
Metabo Insert,SFI-MM145L230B
Keter Insert,SFI-CLO230B
Keter Insert,SFI-MTO230B
Keter Insert,SFI-MTCB230B
Keter Insert,SFI-MTC230B
Keter Insert,SFI-MTBS330B
Rothenberger Insert,SFI-RBRCL230B
Craftsman Insert,SFI-DTSO230B
Craftsman Insert,SFI-DTSD230B
Craftsman Insert,SFI-DTSB230B
Craftsman Insert,SFI-DTSRTB230B
Einhell Insert,SFI-EECS230B
Einhell Insert,SFI-EECL230B
DeWalt Insert,SFI-DTS300230B
Nanuk Insert,SFI-NK940630B
Klein Insert,SFI-KMBCBHW230B
Klein Insert,SFI-KMBSTB230B
Klein Insert,SFI-KMBMRB230B
Klein Insert,SFI-KMBMTB230B
Klein Insert,SFI-KMBCBFW230B
Peli Insert,SFI-P1700G2350B
Peli Insert,SFI-P1700G1350B
Peli Insert,SFI-P1560630B
Peli Insert,SFI-P1500430B
Peli Insert,SFI-P1450630B
Peli Insert,SFI-P1400430B
Peli Insert,SFI-P1150230B
Peli Insert,SFI-P1120230B
Peli Insert,SFI-P1200330B
Peli Insert,SFI-P1535530B
Custom Size,SFC70M
Custom Size,SFC70M
Custom Size,SFC50P
Custom Size,SFC50M
Custom Size,SFC30P
Custom Size,SFC30M
Tool,SFT-ALS
Ryobi Insert,SFI-RLTSC230B
Ryobi Insert,SFI-RLTC230B
Ryobi Insert,SFI-RLSTB230B
Ryobi Insert,SFI-RLSPO230B
Ryobi Insert,SFI-RLMTB230B
Ryobi Insert,SFI-RLCSPO230B
Milwaukee Insert,SFI-MPDORG230B
Flex Insert,SFI-FSPTPSS330B
Facom Insert,SFI-DTSYSD230B
Flex Insert,SFI-FSPBO230B
Flex Insert,SFI-FSPSO230B
Flex Insert,SFI-FSPMB230B
Flex Insert,SFI-FSPTB230B
Flex Insert,SFI-FSPD230B
Flex Insert,SFI-FSPRB230B
Facom Insert,SFI-DTSYSO230B
Facom Insert,SFI-DTSYSB230B
Facom Insert,SFI-DTSYSA230B
Toughbuilt Insert,SFI-TBST3D230B
Toughbuilt Insert,SFI-TBSTRTB230B
Toughbuilt Insert,SFI-TBSTTC230B
Toughbuilt Insert,SFI-TBSTCO230B
Toughbuilt Insert,SFI-TBSTO230B
Toughbuilt Insert,SFI-TBSTLTB230B
Toughbuilt Insert,SFI-TBSTCTB230B
Toughbuilt Insert,SFI-TBSTTB230B
Tool,SFE037
OX Insert,SFI-OXTTC230B
OX Insert,SFI-OXTTO230B
OX Insert,SFI-OXTTTC230B
Reisser Insert,SFI-RCM230B
Ryobi Insert,SFI-RLD230B
Accessory,SFE035UK
Rothenberger Insert,SFI-RBRCS230B
Rothenberger Insert,SFI-RBRCM230B
Accessory,SFE022
Accessory,SFE030
Halfords Insert,SFI-HAMT230K
Makita Insert,SFI-MMPCL230B
Makita Insert,SFI-MMPDL230B
Makita Insert,SFI-MMPDM230B
Milwaukee Insert,SFI-MPTCWB330B
Custom Size,SFC70Y
Custom Size,SFC70T
Custom Size,SFC70R
Custom Size,SFC70O
Custom Size,SFC70K
Custom Size,SFC70G
Custom Size,SFC70B
Custom Size,SFC50Y
Custom Size,SFC50T
Custom Size,SFC50R
Custom Size,SFC50O
Custom Size,SFC50K
Custom Size,SFC50G
Custom Size,SFC50B
Custom Size,SFC30Y
Custom Size,SFC30T
Custom Size,SFC30R
Custom Size,SFC30O
Custom Size,SFC30K
Custom Size,SFC30G
Custom Size,SFC30B
Milwaukee Insert,SFI-MPORG230B
Milwaukee Insert,SFI-MPORC230B
Trend Insert,SFI-TT200230B
Trend Insert,SFI-TT100230B
Peli Insert,SFI-P1510530B
Peli Insert,SFI-P1510B230B
Nuprol Insert,SFI-NUPXLARGB
Nuprol Insert,SFI-NUPMEDB
Nuprol Insert,SFI-NUPLARGB
Magnusson Insert,SFI-MTO230B
Magnusson Insert,SFI-MTCB230B
Magnusson Insert,SFI-MTC230B
Magnusson Insert,SFI-MTBS330B
Milwaukee Insert,SFI-MPTBA230B
Milwaukee Insert,SFI-MPSB230B
Milwaukee Insert,SFI-MPLB230B
Milwaukee Insert,SFI-MPDTB230B
Milwaukee Insert,SFI-MPCB230R
Milwaukee Insert,SFI-MPC230R
Makita Insert,SFI-MMP230B
Makita Insert,SFI-MMC230B
Metabo Insert,SFI-MMBX230B
Milwaukee Insert,SFI-MFC1230B
Hikoki Insert,SFI-HHIT230B
Festool Insert,SFI-FSYSM230B
Festool Insert,SFI-FSYSC1230B
Festool Insert,SFI-FSYS3XXL30B
Festool Insert,SFI-FSYS3L230B
Festool Insert,SFI-FSYS1230B
Festool Insert,SFI-FSOR1330B
DeWalt Insert,SFI-DTSYSO230B
DeWalt Insert,SFI-DTSYSD230B
DeWalt Insert,SFI-DTSYSB230B
DeWalt Insert,SFI-DTSYSA230B
DeWalt Insert,SFI-DTSYS2TB230B
DeWalt Insert,SFI-DTSYS2RTB230B
DeWalt Insert,SFI-DTSYS2HO230B
DeWalt Insert,SFI-DTSYS2CB230B
DeWalt Insert,SFI-DTSRTB230B
DeWalt Insert,SFI-DTSO230B
DeWalt Insert,SFI-DTSD230B
DeWalt Insert,SFI-DTSB230B
DeWalt Insert,SFI-DTS2T230B
DeWalt Insert,SFI-DORG230B
Bosch Insert,SFI-BWBX230B
Bosch Insert,SFI-BLST230B
Bosch Insert,SFI-BLSBX230B
Bosch Insert,SFI-BLBXOG230B
Bosch Insert,SFI-BLBX230B
Accessory,SFE027
Value Pack,0604565193544
Medium Sheet,SFS-100/50/30B
Custom Size,SFC30B
Accessory,SFE034
Accessory,SFE032
Accessory,SFE031
Accessory,SFE026
Accessory,SFE025
Accessory,SFE024
Accessory,SFE020
Accessory,SFE019
Accessory,SFE010
Accessory,SFE002
Accessory,SFE001
Sample,SF-SAMPLE-B
Accessory,5027785807223
Accessory,0604565344731
Accessory,SFE005
Accessory,SFE004
